,UMAP1,UMAP2
1-acylglycerophosphoethanolamine O-acyltransferases,7.710273,8.607387
14-3-3 phospho-serine/phospho-threonine binding proteins,6.001253,9.521486
2'-5'-oligoadenylate synthetase family,8.389931,11.081716
2-arachidonoylglycerol hydrolases,7.2584224,7.9179616
3-hydroxyacyl-CoA dehydratase family,7.773144,8.9058895
3M complex subunits,7.8769517,7.529266
5'-nucleotidases,5.7542615,8.644555
"5-hydroxytryptamine receptors, G protein-coupled",5.4619646,6.361618
"5-hydroxytryptamine receptors, ionotropic ",5.135874,5.3415966
"6-phosphofructo-2-kinase/fructose-2,6-biphosphatase family",6.5204134,4.506771
7BS non-methyltransferases,5.417206,9.759942
7BS orphan methyltransferases,5.2801576,9.884415
7BS protein glutamine methyltransferases,5.0934644,10.006303
7BS protein lysine methyltransferases,3.880094,9.414311
7BS protein methyltransferases,5.122901,10.471506
7BS small molecule methyltransferases,7.02682,6.020177
7D cadherins,6.486611,6.7582345
7SK snRNP complex,6.147262,11.504481
7TM uncharacterized proteins,6.3581758,9.186214
A-kinase anchoring proteins,5.5861197,8.546482
AAA ATPases,5.1826835,11.483848
ACF complex,4.752292,13.755613
ADAM metallopeptidase domain containing,4.5207477,9.087176
ADAM metallopeptidases with thrombospondin type 1 motif,8.373559,7.3929515
ADAMTS like,7.7418885,7.307783
ADP-ribosyltransferase family,5.9347253,5.01265
AF4/FMR2 family,5.744967,11.091323
AH domain containing,6.1427064,9.327336
AH/BAR family Rho GTPase activating proteins,7.588144,9.633359
AKT kinase family,8.845178,7.84552
ANP32 acidic nuclear phosphoproteins,6.4611735,11.69342
APC membrane recruitment proteins,4.9852557,7.362798
ARF GTPase family,6.0582457,9.506877
ASAP complex subunits,5.1333513,12.271387
AT-rich interaction domain containing,7.593714,10.075322
ATAC complex,4.9618797,11.515745
ATP binding cassette subfamily A,6.535617,7.280313
ATP binding cassette subfamily B,6.949457,9.936686
ATP binding cassette subfamily C,6.2834578,6.556602
ATP binding cassette subfamily D,7.320063,8.985291
ATP binding cassette subfamily E,5.743585,11.86783
ATP binding cassette subfamily F,5.6368494,10.631981
ATP binding cassette subfamily G,6.4810944,6.9138517
ATPase F1/V1 alpha/A and beta/B subunit family,6.177344,7.0713844
ATPase H+/K+ transporting,5.8701587,6.3004093
ATPase Na+/K+ transporting subunits,4.9009914,7.5438104
ATPase copper transporting,6.9957633,8.126264
ATPase orphan transporters,7.2437572,9.727414
ATPase phospholipid transporting,6.9099345,9.668562
ATPases Ca2+ transporting,6.8070316,8.830722
Abhydrolase domain containing,6.189874,7.94905
Abl family tyrosine kinases,8.264476,8.217207
Acetyl-CoA carboxylase family,7.3574777,6.3234744
Acid phosphatases,6.30706,8.15808
Acid sensing ion channel subunits,4.212941,7.343367
Actin related protein 2/3 complex subunits,8.038697,11.217086
Actin related proteins,4.553443,9.331759
Actinins,8.074466,8.400343
Actins,8.128976,8.213733
Activating leukocyte immunoglobulin like receptors,8.772603,10.972207
Activating signal cointegrator 1 complex,5.8550935,11.696896
Acyl-CoA synthetase family,6.2524443,6.6290436
Acyl-CoA thioesterases,6.5389433,6.3056083
Adaptor related protein complex 1,7.1734314,10.57187
Adaptor related protein complex 2,5.9897118,9.777724
Adaptor related protein complex 3,5.5121098,10.448865
Adaptor related protein complex 4,4.806824,11.316205
Adaptor related protein complex 5,7.2347746,10.471667
Adducin family,5.848404,9.971991
Adenosine deaminase family,7.4889326,10.482238
Adenosine deaminases acting on RNA,6.7946157,9.596456
Adenosine receptors,6.779479,9.361888
Adenylate cyclases,7.6690707,7.3242965
Adenylate kinases,5.547456,8.235088
"Adhesion G protein-coupled receptors, subfamily A",7.735072,7.2990365
"Adhesion G protein-coupled receptors, subfamily B",4.040566,7.3848057
"Adhesion G protein-coupled receptors, subfamily D",7.144077,7.6095123
"Adhesion G protein-coupled receptors, subfamily E",8.731553,10.947169
"Adhesion G protein-coupled receptors, subfamily F",6.4450316,8.028422
"Adhesion G protein-coupled receptors, subfamily G",8.100825,9.654801
"Adhesion G protein-coupled receptors, subfamily L",8.979844,7.7429333
"Adhesion G protein-coupled receptors, subfamily V",5.085203,7.2055044
Adiponectin receptors,5.2037697,5.92392
Adrenoceptors,7.008473,7.5702844
Ajuba family,8.911759,7.75829
Albuminoid family,7.4641595,5.324817
Alcohol dehydrogenases,7.308351,5.657871
Aldehyde dehydrogenases,6.7617254,6.3125362
Aldo-keto reductases,6.6134024,6.367221
Aldolases,5.612714,6.044713
Alkaline ceramidases,6.826468,7.8026094
Alkaline phosphatases,5.7214,5.8712325
Alkylation repair homologs,4.982749,9.957196
"Alpha 1,4-glycosyltransferases",5.8814874,6.2553554
Alpha arrestins,7.527073,10.431002
Alpha catenins,5.264484,8.104928
"Alpha-1,2-glucosyltransferases",5.5048366,11.538614
"Alpha-1,3-glucosyltransferases",6.067788,11.895276
Alpha-2-macroglobulin family,7.3872213,7.405374
Alpha-L-fucosidases,8.642191,9.380521
Aminoacyl tRNA synthetase complex interacting multifunctional proteins,6.308606,11.031155
"Aminoacyl tRNA synthetases, Class I",5.995942,11.55798
"Aminoacyl tRNA synthetases, Class II",6.1938643,11.21012
Aminopeptidases,6.812052,10.0860195
Amylases alpha,5.2059894,5.1413407
Anaphase promoting complex,5.9317594,11.21694
Angiopoietin like family,7.384194,5.8489428
Angiopoietins,8.838634,7.6018596
Angiotensin receptors,8.273207,6.9937787
Ankyrin repeat domain containing,5.87718,9.0000305
Annexins,7.8390484,8.957557
Anoctamins,6.761977,7.4899054
Antisense RNAs,5.652707,7.748644
Apelin receptor,7.5760245,9.200848
Apolipoprotein B mRNA editing enzyme catalytic subunits,7.8255024,10.579516
Apolipoproteins,7.276167,5.578918
Apoptosome,6.3003845,8.439214
Aquaporins,5.513177,5.8423696
Arachidonate lipoxygenases,4.3820324,5.490924
ArfGAPs,7.2874947,9.636265
ArfGEF family,6.616134,8.942181
Arginine methyltransferases,5.0045824,10.8548155
Arginine vasopressin and oxytocin receptors,7.143287,7.002811
Argonaute RISC component family,5.139213,11.804287
Armadillo like helical domain containing,4.9756284,11.344689
Armadillo repeat containing,5.80094,8.688183
Aromatic amino acid hydroxylase family,5.4324875,6.6719813
Arylacetamide deacetylase family,5.4480762,5.938346
Arylamine N-acetyltransferases,6.8492866,6.2052765
Astacins,6.8350825,7.2374907
Atlastins,5.9179907,8.824534
Atrophins,8.749895,7.5404534
Atypical chemokine receptors,7.6594906,9.671733
Atypical dual specificity phosphatases,5.322725,8.725579
Aurora kinase family,4.688146,13.909788
Autophagy related,5.678224,10.326901
Axonemal dynein assembly factors,8.1526165,14.953044
Axonemal radial spoke subunits,8.16501,14.968523
B-WICH chromatin-remodelling complex subunits,6.486661,12.064472
B7 family,8.168212,10.496269
BAF complex subunits,4.991387,10.925511
BAG cochaperones,5.192243,9.430649
BAG6 complex,4.3040733,10.90485
BAR and Dbl domain containing,7.3726015,7.8334103
BAR-PH domain containing,5.9296994,10.106994
BBSome,7.923058,14.673816
BCH domain containing ,7.156175,8.66585
BCL2 family,8.0213785,9.874328
BCL2 homology region 3 (BH3) only,6.8040566,10.118782
BEACH domain containing ,6.650227,11.928384
BEN domain containing,4.945492,9.343361
BLOC-1 related complex subunits,6.089586,10.773717
BPI fold containing,5.374725,5.3949327
BR serine/threonine kinases,3.9972022,7.3372126
BRCA1 A complex,4.66507,11.539132
BRCA1 B complex,4.687235,13.93225
BRCA1 C complex,4.7412186,13.820539
BRICHOS domain containing,6.5960636,8.213964
BRISC complex,6.389147,11.135666
BTB domain containing,5.5805073,9.480649
BTG/Tob family,7.955912,9.113421
BUB1 mitotic checkpoint serine/threonine kinase family,4.6090546,14.026407
Baculoviral IAP repeat containing,8.418918,9.503052
Basic helix-loop-helix proteins,6.1105037,7.1816936
Basic leucine zipper proteins,8.188426,9.643907
Basigin family ,6.182103,9.39351
Basonuclin zinc finger proteins,4.6762233,9.653908
Beaded filament structural proteins,7.1555386,9.191773
Bestrophins,6.6955266,8.420096
Beta 3-glycosyltransferases,7.229414,8.285547
Beta 4-glycosyltransferases,6.282409,9.0890465
Beta catenins,7.73444,8.598154
"Beta-1,3-glucuronyltransferases",4.2882967,7.501003
Beta-gamma crystallin domain containing,4.5003805,5.760174
Beta-gamma crystallins,4.4177,5.485741
Biogenesis of lysosomal organelles complex 1 subunits,5.8934693,12.313827
Biogenesis of lysosomal organelles complex 2 ,7.673974,10.883252
Biogenesis of lysosomal organelles complex 3 ,4.872891,12.426271
Bisphosphoglycerate phosphatases,5.5289497,9.450144
Bivalent Mical/EHBP Rab binding domain containing,7.9088182,8.309164
Blood group antigens,7.2614217,8.835226
Bombesin receptors,5.453675,5.7162957
Bone morphogenetic proteins,7.1083007,7.8538585
Bradykinin receptors,7.7175345,8.262835
Brain expressed X-linked family,4.5052333,7.9263186
Branched chain amino acid transaminase family,8.079072,7.7205977
Bridge-like lipid transfer protein family,4.8873763,11.597077
Bromodomain and WD repeat domain containing,5.072261,12.306782
Bromodomain containing,4.750286,12.113917
Butyrophilins,7.9779973,9.692577
C-C motif chemokine receptors,8.342257,10.845967
C-X-3-C motif chemokine receptors,4.1626067,7.668758
C-X-C motif chemokine receptors,8.62004,11.047658
C-type lectin domain containing,7.600744,9.931204
C1-set domain containing,8.306718,11.059757
C1q and TNF related,6.498669,7.360938
C1q domain containing,7.449838,9.061337
C2 and RasGAP domain containing,7.078123,9.1941185
C2 and WW domain containing,7.562158,7.2750344
C2 domain containing,6.5467696,8.766835
C2 domain containing phospholipases,7.2438507,8.427503
C2 domain containing protein kinases,6.3413134,9.971754
C2 tensin-type domain containing,6.561029,8.43381
C2-set domain containing,8.030455,10.582969
"C3 and PZP like, alpha-2-macroglobulin domain containing",8.866626,7.638231
CAMK1 family,4.2680016,7.6132975
CAMK2 family,4.532295,7.328073
CAMKV family,3.9371555,7.2423487
CAMSAP family,5.254576,8.146744
CAP and C-type lectin domain containing,5.9412565,7.1453366
CAP superfamily,8.045093,8.293734
CASK family,7.8014684,8.544571
CBM complex,8.195318,11.182611
CCAAT/enhancer binding proteins ,7.2073393,5.901925
CCC complex,6.0135646,11.653658
CCM adhesion complex,5.85907,11.870781
CCR4-NOT transcription complex,5.5502324,12.033497
CD molecules,8.156732,10.5469675
CDC like kinases,4.931322,12.592247
CDC14 phosphatases,4.491217,9.522896
CDC42 binding protein kinase family,7.3949947,7.8194194
CDC42 effector proteins,8.180516,7.7622995
CDC7 kinase family,4.6330743,13.954571
CDGSH iron sulfur domain containing,6.455709,6.634526
CDK activating kinase complex,5.2370005,11.20574
CEA cell adhesion molecule family,7.807659,9.949322
CELSR cadherins,5.5425305,7.5139775
CERF complex,7.719021,7.070075
"CILK1, MAK, MOK protein kinase family",8.061585,14.844974
CKLF like MARVEL transmembrane domain containing,7.2325134,9.558051
CMG helicase complex,4.6461267,13.989767
COMM domain containing,5.745144,12.383487
COP9 signalosome,5.0070252,9.8049555
CORVET complex,5.3231077,12.244114
CREB3 transcription factor family,8.430981,8.874227
CREC family,8.369417,7.4988656
CSAG family,3.960289,8.7416
CST complex,7.407114,10.86856
CT antigen family 45,6.2775273,5.488312
CT antigen family 47,3.836782,8.6938715
CTAGE family,3.9168975,8.934998
CTD family phosphatases,4.8460727,11.492055
CTLH complex subunits,5.229925,11.32759
CUT class homeoboxes and pseudogenes,5.4337573,5.602836
Cadherin related,7.135319,7.764743
Calcineurin subunits,4.889884,9.685512
Calcitonin receptors,8.933855,7.725927
Calcium channel auxiliary gamma subunits,5.020709,6.3154545
Calcium homeostasis modulators,7.417369,9.114481
Calcium sensing receptors,4.802348,5.3529773
Calcium voltage-gated channel alpha1 subunits,4.47426,7.674166
Calcium voltage-gated channel auxiliary alpha2delta subunits,5.408422,9.032687
Calcium voltage-gated channel auxiliary beta subunits,5.0663285,7.9230733
Calmodulin binding transcription activators ,5.556994,9.205533
Calpains,7.219827,8.303408
Cannabinoid receptors,8.278178,10.659626
Canonical Notch ligands,7.0576725,8.295017
Canonical high mobility group,5.848218,12.098674
Canopy FGF signaling regulators,8.6644,9.586932
Carbonic anhydrases,6.432133,7.3672557
Carboxylesterases,7.075581,5.8144674
Cas scaffold protein family,7.6818066,9.476493
Casein kinase 1 family,5.610793,11.061509
Caspase recruitment domain containing,8.089544,10.597696
Caspase-2 PIDDosome complex,7.103628,10.296367
Caspases,7.494284,8.21074
CatSpermasome complex,3.8223846,9.014675
Catalase family,7.3017898,5.8213015
Cathepsins,8.459875,9.761426
Caveolins,8.689883,7.6135135
Cavins,8.63718,7.436194
Cellular communication network factors,8.530252,7.606468
Ceramide synthases,5.7568574,8.521957
Chaperonins,5.051921,11.069803
Checkpoint clamp complex,5.7820787,12.321306
Checkpoint kinase 1 family,4.6105065,14.032324
Checkpoint kinase 2 family,5.571761,12.814349
Chemerin receptors,8.489504,8.352779
Chemokine ligands,8.232203,10.453371
Chitinases,7.564179,9.859511
Chloride channel accessory,4.4819446,5.7201886
Chloride intracellular channels,7.8422294,8.959168
Chloride voltage-gated channels,5.7206182,7.4216695
Cholecystokinin receptors,5.7941585,6.2054777
Choline kinase family,7.438259,10.064083
Cholinergic receptors muscarinic,4.487741,7.0630774
Cholinergic receptors nicotinic subunits,5.811851,5.0934706
Cholinesterase family,5.5919943,5.757056
Chordin family,4.7096224,7.4126477
Chromatin accessibility complex,4.944119,13.425783
Chromobox family,5.0006437,11.157673
Chromosomal passenger complex,4.6124187,14.034614
Chymotrypsin like elastases,5.248618,5.222799
Chymotrypsins,5.278807,5.2586603
Cilia and flagella associated,8.14881,14.947094
Ciliogenesis and planar polarity effector complex subunits,7.925433,14.675717
Clarins,5.8282657,5.668135
Class III Cys-based CDC25 phosphatases,4.7593164,13.810422
Classical arrestins,5.715445,6.8516326
Clathrin subunits,5.5660167,9.457981
Claudins,6.491173,6.291309
Cleavage and polyadenylation specific factor subunits,4.9909577,12.325294
Cleavage factor Im complex subunits,5.198151,12.416586
Cleavage stimulation factor subunits,5.669174,11.664545
Clustered protocadherins,4.4242144,7.621621
Coat protein complex I,8.634774,9.137263
Coat protein complex II,8.5028515,9.436767
Cohesin complex,3.9717982,9.383849
Coiled-coil-helix-coiled-coil-helix domain containing proteins,6.9157996,4.4085984
Collagen beta(1-O)galactosyltransferases,5.740958,9.339847
Collagens,8.398425,7.7496057
Complement component GPCRs,8.71081,11.022266
Complement system activation components,7.452331,5.621904
Complement system regulators and receptors,7.4137325,5.810693
Complexins,3.947906,7.2130647
Components of oligomeric golgi complex,5.2864485,10.300184
Condensin I subunits,4.5639305,14.076334
Condensin II subunits,4.97667,13.05586
Constitutive centromere associated network,4.8811316,13.507572
Contactin associated protein family,4.7845793,7.5928354
Contactins,5.309412,8.201778
Copines,6.152786,9.703885
Cornichon family,6.197148,8.757462
Cornified envelope precursor family,4.3356943,5.421651
Coronins,7.5262165,9.988482
Corticotropin releasing hormone receptors,4.641717,7.130722
Creatine kinase family,6.397521,4.970667
Crumbs complex components,5.991574,7.3599143
Csk family tyrosine kinases,8.322019,11.119043
Cullins,4.678714,10.822373
Cupredoxin superfamily,7.0367403,4.6013217
Cyclic nucleotide gated channels,4.5245275,7.0131106
Cyclin dependent kinases,5.5644336,10.58612
Cyclins,6.8352737,10.216102
Cyclophilin peptidylprolyl isomerases,5.9882298,11.691821
"Cystatins, type 1",4.394317,5.551082
"Cystatins, type 2",5.096006,5.588874
"Cystatins, type 4",7.3704753,5.374866
Cysteine rich secretory protein family,4.572723,5.924693
Cysteine rich transmembrane BMP regulators,8.281606,7.2472935
Cytochrome P450 family 1,7.4653735,5.603265
Cytochrome P450 family 11,5.437134,6.90125
Cytochrome P450 family 17,5.3920984,6.961839
Cytochrome P450 family 2,7.176553,5.514511
Cytochrome P450 family 20,5.7832365,11.436512
Cytochrome P450 family 21,5.33771,6.9418983
Cytochrome P450 family 24,6.8690176,8.848398
Cytochrome P450 family 26,5.9495707,5.4524374
Cytochrome P450 family 27,6.6996236,6.4584637
Cytochrome P450 family 3,7.2322946,5.516197
Cytochrome P450 family 39,7.2641635,5.8985734
Cytochrome P450 family 4,7.0713844,5.8541455
Cytochrome P450 family 46,3.9734592,7.336324
Cytochrome P450 family 5,8.7818365,10.918777
Cytochrome P450 family 51,6.827176,6.1527658
Cytochrome P450 family 7,7.4849033,5.4394913
Cytochrome P450 family 8,7.402594,6.017265
Cytochrome b561,6.625073,11.009181
Cytohesins,7.488225,10.381336
Cytosolic iron-sulfur assembly components,7.074457,4.699912
D-lactate dehydrogenase family,6.47794,4.3957305
DAN family,7.2616787,7.95367
DASH family,6.4811363,8.804764
DAZ RNA binding protein family ,3.9555523,8.745283
DDB1 and CUL4 associated factors,4.974933,11.280294
DEAD-box helicases,5.1421275,12.006717
DEAH-box helicases,5.0438385,12.355985
DECID complex,4.826957,12.557109
DENN domain containing,6.3933454,9.808982
DEP domain containing,6.189822,8.673539
DMPK kinase family,5.6428328,8.920179
DNA cross-link repair family,6.002376,12.367478
DNA glycosylases,6.25541,11.486103
DNA ligases,4.903583,11.162422
DNA polymerases,5.059564,11.917015
DNA/RNA methyltransferases,5.5394354,11.587178
DNAJ (HSP40) heat shock proteins,5.491751,8.494015
DOCK family Rho GEFs,8.563053,8.269783
DREAM complex subunits,5.034423,12.914962
Dbl family Rho GEFs,7.0424757,8.67627
Death associated protein kinases,8.293258,10.742495
Death effector domain containing,5.3217874,11.211722
Death inducing signaling complex,8.258786,11.077388
"Defensins, alpha",7.254313,10.183667
"Defensins, beta",5.0784454,4.94465
Dehydrodolichyl diphosphate synthase ,8.600196,9.235371
Deoxyribonucleoside kinases,6.26753,12.050553
Depalmitoylases,7.4710503,10.829981
Desmosomal cadherins,4.4664793,5.5886493
Desumoylating isopeptidases,4.389961,9.843369
DexD/H helicases,5.188531,12.499604
Diacylglycerol O-acyltransferase 2 family,5.654645,5.348282
Diacylglycerol kinases,5.991675,9.808367
Dihydrofolate reductase family,7.052552,9.601444
Diphthamide biosynthesis genes,5.0960093,10.3385105
Dishevelled binding antagonist of beta catenin family,8.292982,7.2732916
Dishevelled segment polarity proteins,8.385862,7.326588
Dispanins,6.600966,7.6783047
Dispatched RND transporter family ,5.446503,8.193187
Divergent protein kinase domain family,7.9397664,7.2988653
Divergent transcripts,5.649402,7.546199
Dolichyl D-mannosyl phosphate dependent mannosyltransferases,4.752647,9.468504
Dolichyl-phosphate mannosyltransferase subunits,6.17887,7.947047
Dopamine receptors,6.083585,5.620262
Doublecortin like kinase family,4.284119,7.5379405
Doublecortin superfamily,5.4728236,7.5011764
Dual oxidase family,7.294198,8.49533
Dual oxidase maturation factor family,7.3222947,8.460716
Dual-specificity tyrosine-regulated kinase family,4.6689277,10.630073
Dynactin subunits,5.5987744,9.697799
Dynamin superfamily,5.662279,9.784827
Dynamins,5.75863,9.035218
Dynein 1 complex subunits,5.5794296,9.1875305
Dynein 2 complex subunits,7.998205,14.765477
Dynein regulatory complex,8.1576395,14.961335
"Dyneins, axonemal inner arm I1/f complex subunits",8.127032,14.924286
"Dyneins, axonemal outer arm complex subunits",8.167822,14.971033
E2F transcription factors,4.8675113,13.572184
EF-hand domain containing,5.9940696,8.373286
ELAV like RNA binding protein family,4.0866346,7.6524777
ELMO domain containing,6.0765576,8.760534
ELOVL fatty acid elongase family,6.722424,7.725793
EMAP like,6.1790285,11.4412365
EMI domain containing,5.591217,9.306302
EMSY complex,5.4292994,11.585577
ENAH/VASPs,8.090904,8.618869
EPH receptors,6.0044227,8.192331
EPS8 signaling adaptor family,7.422569,7.870417
ER membrane protein complex subunits,5.473791,8.403272
ERCC excision repair associated,5.061536,10.507233
ESCRT-0,5.742714,10.104404
ESCRT-I,6.0555563,9.459188
ESCRT-II,7.697584,8.935457
ESCRT-III,7.7766366,8.72193
ESCRT-III associated factors,6.4392896,11.745651
ESCRT-IV,6.4690638,10.923474
ETS transcription factor family,7.8743896,10.242062
EYA transcriptional coactivator and phosphatases,5.083206,9.304883
Ectonucleoside triphosphate diphosphohydrolase family,7.4196906,8.316311
Ectonucleotide pyrophosphatase/phosphodiesterase family,6.286218,6.7932873
Elongator acetyltransferase complex ,4.9142494,10.67502
Elongin complex,4.403615,9.05057
Endoplasmic reticulum to nucleus signaling family,8.177451,8.965819
Endoribonucleases,5.8181176,11.761293
Endosome-associated recycling protein (EARP) complex,5.213339,10.96911
Endothelin receptors,8.561826,7.3550673
Endothelins,7.3714647,7.9301486
Engulfment and cell motility proteins,6.732853,10.224908
Enolases,5.1646132,8.754003
Envelope ERV derived genes,8.318902,6.748146
Ephrins,7.2704434,7.9839926
Epsin family,6.741589,7.6172147
Erb-b2 receptor tyrosine kinases,7.3563404,7.800412
Estrogen receptors,4.7775884,10.311092
Estrogen related receptors,6.798678,4.3208466
Ethanolamine kinase family,6.2704363,7.3506637
Eukaryotic translation initiation factor 2 alpha kinases,8.632991,9.592158
Eukaryotic translation initiation factor 3,6.5412254,11.804353
Exocyst complex,5.4424157,10.229043
Exon junction complex,5.69098,12.644626
Exonucleases,5.162254,12.007158
Exosome complex,5.221405,12.035441
Exostosin glycosyltransferase family,8.261284,7.3095584
Exportins,4.939621,12.078385
Extended synaptotagmins,8.782929,8.107986
F-BAR domain containing,7.777062,10.001938
F-box and WD repeat domain containing,4.6559396,9.320362
F-box and leucine rich repeat proteins,6.3395925,9.247623
F-boxes other,4.8413434,9.545126
F2R receptors,7.6354375,8.277693
FA complementation groups,4.7939734,13.718278
FA core complex,4.895689,12.503098
FASTK mitochondrial RNA binding family,6.495654,11.024889
FERM domain containing,6.607465,8.089926
FERRY complex subunits,5.257079,10.891227
FET protein family,5.0040236,12.692879
FHF complex,5.952193,9.583926
FKBP prolyl isomerase family,6.7564316,8.519371
FLYWCH family,5.1369967,10.19273
FOXM1-MMB complex subunits,4.555662,14.087701
Family with sequence similarity 83 ,4.452329,5.6566334
Fascin family,4.349749,9.219823
Fatty acid binding protein family,6.678515,7.318446
Fatty acid desaturases,6.3517804,7.699287
Fatty acid hydroxylase domain containing,6.690875,6.37607
Fc receptors,8.570451,11.046663
Ferlin family,7.068552,9.329329
Ferredoxin family,5.6003304,7.111735
Ferritin chains,8.107162,9.8695135
Fes family tyrosine kinases,5.9549904,10.675841
Fibril associated collagens with interrupted triple helices,6.195754,8.333212
Fibrillar collagens,8.365011,7.66228
Fibrillin family,8.081445,7.1380887
Fibrinogen C domain containing,6.952755,7.14432
Fibrinogen chains,7.499539,5.357519
Fibroblast growth factor family,5.954313,6.933796
Fibronectin type III domain containing,6.4831357,7.8646746
Fibulins,8.861723,7.6367164
Filamin family,8.154463,8.258849
Flavin containing monooxygenases,3.7366092,8.741733
Flavoproteins,6.566678,6.484579
Flotillins,6.344025,10.471434
Forkhead boxes,5.7863593,7.7170243
Formins,7.0186157,9.44811
Formyl peptide receptors,8.746985,10.883432
Fos transcription factor family,8.159009,9.125453
Free fatty acid receptors,7.7560577,9.730132
"Fructose-1,6-bisphosphatases",6.148092,6.200452
Fucosyltransferases,7.1499624,9.360181
"G protein subunits alpha, group 12/13",5.6670947,12.419102
"G protein subunits alpha, group i",4.690968,8.947314
"G protein subunits alpha, group q",7.880029,8.39358
"G protein subunits alpha, group s",5.1515574,9.779936
G protein subunits beta,5.7273526,10.855439
G protein subunits gamma,6.358008,8.582888
G protein-coupled bile acid receptor,8.340305,9.580857
G protein-coupled estrogen receptor,7.273081,6.2670197
G protein-coupled receptor kinase family,6.6437078,9.795433
"G protein-coupled receptors, Class A orphans",6.142393,7.636405
"G protein-coupled receptors, Class C orphans",6.763687,7.5454793
"G protein-coupled receptors, Class F frizzled",7.9414096,7.525241
G-patch domain containing,4.891681,11.811924
GAGE family,3.8121178,8.825667
GATA zinc finger domain containing,6.315191,8.921853
GATOR1 subcomplex,4.5413675,11.66357
GATOR2 subcomplex,4.848757,11.185103
GBAF complex subunits,5.395626,11.917061
GCN5 related N-acetyltransferases,5.7365217,8.161188
GDNF family ligands,7.299039,7.6450844
GET4-GET5 transmembrane domain recognition complex subunits,5.4769096,8.022781
GINS complex,4.698323,13.907797
GIY-YIG endonuclease domain containing,8.30167,10.71878
GLIPR family ,4.1880364,9.316359
GOLD domain containing,6.5444937,6.8078637
GPN-loop GTPases,5.3473573,11.595642
GRAM domain containing,6.4632735,8.258921
"GTPases, IMAP",8.479611,10.92635
Galactosidases alpha,8.439676,10.540799
Galactosidases beta,6.327804,9.381848
Galanin receptors,5.8151484,5.2644405
Galectins,7.904266,9.9527235
Gamma-aminobutyric acid type A receptor subunits,4.2782273,7.0331826
Gamma-aminobutyric acid type B receptor subunits,4.037228,7.4847674
Gamma-glutamyltransferases,6.4136415,6.3952737
Gap junction proteins,4.837051,5.772085
Gasdermins,6.8565917,9.823067
Gelsolin/villins,7.4578347,8.423801
Gemins,5.0165963,11.373537
General transcription factor IIA complex subunits,4.21097,9.606639
General transcription factor IID complex subunits,4.9469376,11.561733
General transcription factor IIE complex subunits,5.828941,11.760924
General transcription factor IIF complex subunits,5.0904026,10.871291
General transcription factor IIH complex subunits,5.121889,11.039715
General transcription factor IIIB complex subunits,4.6167912,11.576244
General transcription factor IIIC complex subunits,5.1130347,11.284321
General transcription factors,6.352236,12.0884495
Gfo/Idh/MocA-like oxidoreductase domain containing,6.3148007,9.91432
Gla domain containing,7.2551413,5.850443
Glucagon receptor family,5.4675384,5.7088876
Glucosaminyl (N-acetyl) transferases/xylosyltransferases,7.4904904,9.449952
"Glucose 6-phosphatases, catalytic",5.71299,5.8192296
Glucosylceramidases,7.984648,8.762331
Glutamate ionotropic receptor AMPA type subunits,3.9792945,7.307849
Glutamate ionotropic receptor NMDA type subunits,4.1437154,7.1162214
Glutamate ionotropic receptor delta type subunits,3.8799207,8.78392
Glutamate ionotropic receptor kainate type subunits,3.9961214,7.419421
Glutamate metabotropic receptors,4.0096645,7.3392825
Glutamic--pyruvic transaminase family,5.223673,4.8187237
Glutamic-oxaloacetic transaminase family,6.6069727,4.4608617
Glutamine amidotransferase class 1 domain containing,6.0329285,8.473469
Glutamine--fructose-6-phosphate transaminase family,8.268886,7.6210856
Glutamyl-tRNA amidotransferase subunits,6.4140444,6.9001784
Glutaredoxin domain containing,5.292754,5.78221
Glutathione peroxidase family,6.554659,6.5897737
Glycerol kinase family,6.025098,8.04416
Glycerol-3-phosphate acyltransferases,6.2797966,8.495947
Glycine receptors,4.5466714,7.0277295
Glycogen phosphorylases,8.0744295,8.281345
Glycogen synthase kinase 3 family,5.555569,10.096398
Glycoprotein hormone receptors,4.2158213,8.933555
Glycoprotein hormone subunits,8.254235,6.654557
Glycoside hydrolase family,8.073253,9.658259
Glycoside hydrolase family 1,6.069458,6.669468
Glycoside hydrolase family 31,6.9273186,7.1867595
Glycosyl transferases group 1 domain containing,6.188393,8.461476
Glycosylphosphatidylinositol transamidase complex,6.141249,9.468272
Glycosylphosphatidylinositol-N-acetylglucosaminyltransferase complex,6.3269515,8.324805
Glycosyltransferase family 2,7.889236,9.313333
Glycosyltransferase family 6,4.252172,5.322111
Glycosyltransferase family 8,8.03835,7.66096
Glycosyltransferase family 90,8.617323,8.393246
Glyoxalase domain containing,6.673666,6.36609
Glypicans,8.326903,7.5318155
Golgi associated RAB2 interactor family,3.8126857,8.809018
Golgi associated kinase family,8.400299,7.3113327
Golgi associated retrograde protein (GARP) complex,4.747644,11.911826
"Golgi associated, gamma adaptin ear containing, ARF binding proteins",4.906211,12.669268
Golgin related,4.1224732,9.054063
Golgins,6.4642444,9.497883
Gonadotropin releasing hormone receptors,5.29882,7.018266
Granins,4.1914916,7.05854
Granule associated serine proteases of immune defence,8.303577,10.731545
Growth hormone family,8.314818,6.6839542
Guanosine monophosphate reductase family,5.104393,9.69113
Guanylate binding proteins,8.258598,10.647791
Guided entry of tail-anchored proteins complex subunits,7.885219,14.622979
H/ACA ribonucleoprotein complex,6.283467,12.058556
H1 histones,7.115532,10.078893
H2A histones,7.1695213,10.303961
H2B histones,5.9247603,5.995288
H3 histones,7.115037,10.371871
H4 histones,7.103186,10.305895
HAD Asp-based non-protein phosphatases,6.5609007,8.507347
HAD Asp-based protein phosphatases,5.709769,7.1014814
HAUS augmin like complex ,5.0727506,12.858938
HECT and RLD domain containing E3 ubiquitin protein ligases,5.338158,10.822659
HECT domain containing,4.9751,10.215243
HIRA histone chaperone complex subunits,4.994944,12.532794
HNF class homeoboxes,5.946414,6.8367167
HOOK family,6.758776,7.8564906
HOOK related protein family,8.325804,11.18811
HOPS complex,5.591188,10.8917055
HOXL subclass homeoboxes,6.9224143,7.02277
HUNK family kinases,7.2995243,7.8349223
HUSH complex,5.590485,11.852062
Haloacid dehalogenase like hydrolase domain containing,6.5188365,6.7399125
Harbinger transposase derived genes,4.229758,10.709664
Heat shock 70kDa proteins,5.525485,8.685392
Heat shock 90kDa proteins,5.0058236,9.861988
Hedgehog signaling molecule family,4.5179048,8.6927805
Helicases,5.2911882,13.01439
Helix-turn-helix CENPB type domain family,5.0215435,9.847869
Helix-turn-helix motif Psq family,7.0163198,10.5607815
Heme peroxidase family,6.7620854,9.699762
Hemoglobin subunits,7.1801558,10.115757
Heparanase family,5.9803743,12.123309
Heparin binding growth factor family,4.7706375,10.636911
Hepatocyte nuclear factor 4 family,6.836586,6.1577263
Heterogeneous nuclear ribonucleoproteins,5.5693946,12.631622
Hexokinase family,6.8406143,9.519684
Hexosaminidases,8.590255,9.770017
Histamine receptors,7.8005595,9.808593
Histatins and statherin,5.138342,5.077904
Histidine methyltransferases,5.980452,11.123548
Histidine triad superfamily,6.6985707,6.607615
"Histone deacetylases, class I",8.839498,8.792617
"Histone deacetylases, class IIA",5.41115,10.499826
"Histone deacetylases, class IIB",6.95992,10.077594
"Histone deacetylases, class IV",5.2061152,8.022655
Histone lysine methyltransferases,4.860798,12.469875
Homeodomain interacting protein kinase family,5.229319,9.215069
Homer scaffold proteins ,5.819283,6.5299788
Homocysteine domain containing methyltransferases,7.1102147,6.2906194
Hyaluronidases,7.3222027,9.586822
Hydrogen voltage gated channels,5.5024095,12.313067
Hydroxycarboxylic acid receptors,7.674151,10.375434
Hypocretin receptors,5.0409904,6.2390704
I kappa B kinases,5.065901,12.515205
I-BAR domain containing,6.999647,7.694114
I-set domain containing,7.64928,7.37215
IFT-A complex,7.9428625,14.707186
IFT-B1 complex,7.9228754,14.681286
IFT-B2 complex,7.994033,14.757928
IGF like family,4.3258333,5.3826833
IKK complex,6.988046,11.644771
INO80 complex,5.0295286,12.012857
IPT domain containing,7.576778,9.618788
IQ motif containing GTPase activating protein family,7.999633,10.1750765
IQSEC ARFGEF family,4.3999133,7.7897477
IZUMO family,3.9777617,8.768527
Ig-like cell adhesion molecule family,6.412975,8.723957
IgCAM CXADR-related subfamily,7.211774,8.060153
IgLON cell adhesion molecules,4.2775545,7.524838
Immunoglobulin heavy (IGH) orphons,3.93764,8.945355
Immunoglobulin kappa (IGK) orphons,8.225996,11.086556
Immunoglobulin kappa locus at 2p11.2,8.203973,11.05471
Immunoglobulin like domain containing,7.5450125,9.799706
Importins,4.719916,10.195631
Inhibin subunits,7.280497,5.7432537
Inhibitory leukocyte immunoglobulin like receptors,8.769575,10.964862
Inosine monophosphate dehydrogenase family,6.576802,12.003172
"Inositol 1,4,5-triphosphate receptors",6.373769,10.922853
Insulin family,8.221691,7.029559
Insulin like growth factor binding proteins,8.39195,7.174773
Insulin receptor family,7.138519,7.2118287
Integrase like retrotransposon derived,4.6684747,10.118442
Integrator complex,5.5928936,11.863929
Integrin alpha subunits,8.10334,8.752907
Integrin beta subunits,7.884064,8.051677
Inter-alpha-trypsin inhibitor heavy chains,7.472766,5.3656306
Interferon receptors,8.380357,10.993433
Interferon regulatory factors ,8.304239,11.094774
Interferons,5.073346,5.0085797
Interleukin 6 type cytokine family,8.123499,9.18915
Interleukin receptors,8.087397,10.285516
Interleukins,4.7423644,5.8216805
Intermediate filament family orphans,5.8575497,10.601279
Intermediate filaments Type III,7.882122,8.025286
Intermediate filaments Type IV,4.5030327,7.4990387
Iron (II) and 2-oxoglutarate dependent oxygenases,5.2123075,11.910677
Isoaspartate methyltransferases,5.0828958,9.74297
Isocitrate dehydrogenases,6.895646,4.5209846
Isthmin family,8.33515,6.823184
JAMM/MPN+ metallopeptidase family,6.03712,11.086659
Jak family tyrosine kinases,8.5371275,11.223602
JmjC hydroxylases,4.6768365,10.918529
Jun transcription factor family,8.192337,9.109406
Junctophilins,4.5553074,7.407856
KASH domain containing,5.4847794,8.675446
KCTD family,5.971735,8.869518
KDEL endoplasmic reticulum protein retention receptors,8.593761,8.984199
KEOPS complex,6.2311287,11.535302
KICSTOR complex,6.1500754,11.405899
KLF transcription factors,8.024509,9.230149
KN motif and ankyrin repeat domain containing,8.599154,7.344515
KNL1 complex,4.6733704,13.957569
KRAB domain containing,4.863923,11.024033
Kallikreins,4.5585756,5.595773
Kelch like,7.5493364,7.4365807
Keratin associated proteins,5.086462,4.881816
Keratins,4.477765,7.242828
"Keratins, type I",4.738492,5.540874
"Keratins, type II",4.4799013,5.4163613
Killer cell immunoglobulin like receptors,7.477535,10.2817
Killer cell lectin like receptors,8.322483,10.77691
Kinesins,5.267087,9.38831
Kleisins,3.8569088,9.215525
L ribosomal proteins,6.545074,11.801423
L-lactate dehydrogenase family,4.0608225,8.990001
LAR protein receptor tyrosine phosphatase family,7.535415,7.4037204
LEM domain containing,5.010973,12.623964
LGI family,4.6245923,7.503177
LHFPL tetraspan proteins,4.638108,7.110368
LIM class homeoboxes,5.057884,6.132445
LIM domain containing,8.202415,8.173635
LIMK/TESK kinase family,5.173048,12.477481
LIMS zinc finger family,8.735412,7.452909
LINE1 element derived gene,7.2215548,9.001971
LRAT domain containing ,7.3191338,7.8092475
LSm proteins,6.0746703,11.383954
LY6/PLAUR domain containing,4.587924,5.8278728
LYR motif containing,5.823169,7.246086
La ribonucleoproteins,5.534051,8.44729
Laminin subunits,8.416078,7.614216
Lamins,8.0242605,10.100166
Large MAF bZIP transcription factor family,5.651925,8.133177
Large ribosomal subunit biogenesis complex,4.7281137,11.835048
Large subunit mitochondrial ribosomal proteins,7.027333,4.5565057
Large tumor suppressor kinase family,5.656701,11.284776
Late cornified envelope proteins,4.449811,5.355899
Latent transforming growth factor beta binding proteins,8.841973,7.57893
Leiomodins,6.2192826,4.4488664
Leucine rich repeats and calponin homology domain containing,5.4759097,11.628902
Leucine zipper tumor suppressor family,7.48806,7.3284492
Leukotriene receptors,7.906493,10.311303
Linear ubiquitin chain assembly complex ,4.704028,11.850012
Lipases,5.411513,6.0277133
Lipid phosphatases,7.401523,7.8745275
Lipins,7.0244975,6.750822
Lipocalins,6.3718696,5.97216
Long intergenic non-protein coding RNAs,5.2641335,5.8959775
Long non-coding RNAs with FAM root symbol,4.0627317,8.699087
Long non-coding RNAs with non-systematic symbols,5.637101,7.6948934
Long pentraxins,5.001444,6.807012
Low density lipoprotein receptors,7.6434402,7.2983356
LysM domain containing,6.50419,8.866205
Lysine acetyltransferases,5.065742,12.7026205
Lysine demethylases,4.864792,12.36021
Lysophosphatidic acid receptors,7.495992,9.588516
Lysophospholipid acyltransferases,6.5599017,9.252167
Lysosome associated membrane proteins,7.9170227,9.618846
"Lysozymes, c-type",4.5011897,5.807078
"Lysozymes, g-type",5.651246,7.365676
M1 metallopeptidases,7.962386,10.03419
M10 matrix metallopeptidases,6.7315497,8.803353
M13 metallopeptidases,6.5558577,9.083076
M14 carboxypeptidases,6.4130235,8.200022
M16 metallopeptidases,6.9430223,4.5611744
M19 metallopeptidases,6.6031613,9.423888
M20 metallopeptidases,6.5105577,6.3984427
M24 metallopeptidase family,6.758477,9.88394
M28 metallopeptidases,7.149701,9.87633
M3 metallopeptidase family,5.4665103,8.5166645
M38 metallopeptidases,4.612677,7.2989135
M48 metallopeptidase family,6.859379,6.8089447
M49 metallopeptidase family,7.942537,11.174798
M54 metallopeptidase family,4.1966105,7.958662
M76 metallopeptidase family,3.9322877,9.001602
MAB21 family,4.6029186,5.6395283
MADS box family,5.5252786,10.075925
MAGE family,4.1718497,8.604261
MAP kinase phosphatases,8.005586,9.510256
MAPK activated protein kinases,7.952031,8.88716
MAPK interacting serine/threonine kinase family,7.7807217,9.856477
MAPKAPK family,6.7913065,10.842816
MARVEL domain containing,7.19441,7.9815536
MAX dimerization proteins,7.4036207,10.267474
MBL domain containing glyoxalase 2 subfamily,6.013047,7.006907
MBL fold containing DNA/RNA interacting subfamily,5.759714,11.700028
MBT domain containing,4.625225,11.406906
MCM family,4.872372,13.556126
MCU complex subunits,6.315022,7.1105576
MD-2 related lipid recognition domain containing,8.53373,11.000599
MELK family kinases,4.5259094,14.126607
MIA family,6.1055636,6.261935
MIF family,6.6946096,6.1100616
MIF4G domain containing proteins,5.1859593,11.642792
MINDY deubiquitinases,6.0432262,8.58154
MIS12 kinetochore complex,5.9444942,12.193075
MJD deubiquinating enzymes,6.9394493,9.641906
MKS complex,7.9753633,14.739647
MMB complex subunits,4.544984,14.103931
MOB kinase activators,6.6640244,11.901899
MPP10 subcomplex,6.411865,11.532716
MRH domain containing ,8.733338,9.559958
MRN complex,5.6561365,11.742687
MSL histone acetyltransferase complex,5.2703576,12.766117
MTOR complex 1,6.2641807,4.556763
MTOR complex 2,5.5011945,8.365428
MX dynamin like GTPase family,8.413669,11.078544
MYST type domain containing lysine acetyltransferases,4.4509935,11.7721195
Macro domain containing,7.893931,10.397844
Maestro heat like repeat containing,3.9744296,8.856999
Major cadherins,7.2690706,9.07401
Malate dehydrogenases,6.6612782,4.365938
Mannosidases alpha class 1,8.679816,9.546353
Mannosidases alpha class 2,8.067458,10.2736025
Mannosidases endo-alpha,6.736885,6.717083
Mannosidases type beta,8.731678,9.095207
Mannosyl-glycoprotein N-acetylglucosaminyltransferases,6.5510507,9.3316
Mariner transposase derived genes,4.9732184,10.049528
Matrilins,7.743969,7.2422967
Mediator complex,5.469068,11.8376665
Melanin concentrating hormone receptors,4.9059734,7.3098664
Melanocortin receptors,5.441986,5.795502
Melatonin receptors,7.4043765,5.349332
Membrane Attack complex,7.408067,5.3812346
Membrane associated collagens with interrupted triple helices,6.5712075,7.9941487
Membrane associated progesterone receptor family,7.5587506,7.1805124
Membrane associated ring-CH-type fingers,5.4425087,9.598331
Membrane bound O-acyltransferase family,6.3044868,7.9634914
Membrane spanning 4-domains,8.116602,9.989718
Membrane-bound methyltransferase family,6.2641244,8.2083645
Metallo-beta-lactamase fold containing family,6.1332107,7.2506084
Metallothioneins,6.550556,6.2500544
Metaxins,5.0967712,10.557824
Methionine adenosyltransferase family,5.605221,5.538704
Methyl-CpG binding domain containing,4.871942,12.609379
Methylcrotonyl-CoA carboxylase subunits,6.9518466,5.9968104
Methyltransferases with unique structures,6.5470486,7.000971
MiDAC complex subunits,5.4738426,12.540921
MicroRNA non-coding host genes,5.447501,5.8538427
MicroRNA protein coding host genes,6.4785457,9.156464
Microsomal glutathione S-transferases,6.6520295,6.0209665
Microtubule affinity regulating kinases,5.4087996,9.9352
Microtubule associated protein RP/EB family ,5.6380005,9.401423
Microtubule associated serine/threonine kinase family,5.3195868,9.336722
Minor histocompatibility antigens,8.071614,10.601255
Misc,6.011742,8.439323
Mitochondrial RNase P complex,6.9316955,6.057229
Mitochondrial complex I assembly complex,7.067436,4.6272464
Mitochondrial complex II: succinate dehydrogenase subunits,6.8950057,4.282824
Mitochondrial complex III: ubiquinol-cytochrome c reductase complex subunits,6.8025126,4.156298
Mitochondrial complex IV: cytochrome c oxidase subunits,6.7072864,4.437049
Mitochondrial complex V: ATP synthase subunits,6.8410387,4.2269034
Mitochondrial contact site and cristae organizing system subunits,6.905251,4.4894342
Mitochondrial iron-sulfur assembly components,7.0207057,4.572788
Mitochondrial nucleoid associated proteins,5.7962327,8.040761
Mitochondrial respiratory chain complex assembly factors,6.9721174,4.5443916
Mitochondrial ribosomal proteins,7.0144353,4.505613
Mitochondrial sorting and assembly machinery complex,6.9691386,4.4015536
Mitochondrial transcription initiation complex subunits,4.347557,10.764088
Mitochondrial translation release factor family,6.258691,11.253155
Mitochondrially encoded protein coding genes,6.6517425,4.2056355
Mitofusin family,6.3875985,4.6267357
Mitogen-activated protein kinase kinase kinase kinases,6.073097,10.552151
Mitogen-activated protein kinase kinase kinases,6.1473517,10.059641
Mitogen-activated protein kinase kinases,7.3584905,10.258976
Mitogen-activated protein kinases,5.802015,9.248735
Mucins,7.233079,7.9121127
Multicopper ferroxidase family,7.833275,9.982784
Multicopper oxidase family,7.473656,5.817645
Multiple C2 and transmembrane domain containing,8.138255,10.833858
Multiplexin collagens,8.681339,7.3898964
MutL homologs,5.134851,11.084876
MutS homologs,4.487026,11.003858
MuvB complex subunits,5.330814,11.508849
My-T-BRC complex,8.176674,11.27877
Myb/SANT domain containing,4.7501707,11.583096
Myocardin family,5.5166564,9.796581
Myogenic regulatory family,5.956729,4.697501
Myosin binding proteins,6.1757255,4.3858395
"Myosin heavy chains, class I",8.210145,10.048061
"Myosin heavy chains, class II",6.143469,4.58326
"Myosin heavy chains, class III",4.1479096,8.96858
"Myosin heavy chains, class IX",4.92649,11.747153
"Myosin heavy chains, class V",5.9030476,10.111664
"Myosin heavy chains, class VI",7.2985926,7.8181124
"Myosin heavy chains, class XVI",4.083577,7.263263
"Myosin heavy chains, class XVIII",6.188955,4.3547573
Myosin light chain kinase family,6.1703124,4.447639
"Myosin light chains, class 1",6.229782,4.517228
"Myosin light chains, class 2",6.384696,4.717778
Myosin phosphatase targeting family,7.732641,8.75456
Myotubularins,5.46464,10.452505
Myozenins,6.132285,4.3973784
N- and C-terminal methyltransferases,6.959498,4.7327647
N-Ank proteins,4.117175,8.933302
N-BAR domain containing,5.7898564,8.99542
N-alpha-acetyltransferase subunits,5.2460556,10.412188
N-arachidonoylethanolamine hydrolases,6.787532,6.6072993
N-myristoyltransferase family,4.9113317,10.974834
NADH oxidase family,6.583374,8.899668
NADH:ubiquinone oxidoreductase core subunits,6.7882032,4.133962
NADH:ubiquinone oxidoreductase supernumerary subunits,6.7858324,4.174938
NALCN channel complex subunits,3.9732327,7.401594
NBPF members,4.3966646,9.59877
NCoR/SMRT transcriptional repression complex subunits,5.1786857,11.718361
NDC80 kinetochore complex ,4.5840445,14.059351
NDRG family,5.2878227,7.9651546
NHERF family PDZ scaffold proteins,6.6641617,6.3433504
NHS family,7.6055813,8.118711
NIM1K family kinases,3.928378,7.262569
NIMA related kinase family,4.6226325,10.017059
NKL subclass homeoboxes and pseudogenes,5.4626074,5.7055745
NLR family,7.4893312,10.052659
NME/NM23 family,5.8907795,8.887749
NPHP complex,8.075154,14.865834
NRZ tethering complex,4.9101467,12.430305
NSL histone acetyltransferase complex,4.5489316,11.731878
NSP adaptor proteins,7.7478094,9.462375
NT-C2 domain containing,7.271105,9.608866
NTC associated proteins,5.3669386,12.38876
NUAK family kinases,7.087461,8.259228
NURF complex,5.2100787,12.182742
Na+/K+ transporting ATPase interacting,3.9670653,7.0851107
Nebulin family,6.343704,4.7095838
Nectins and nectin-like molecules,6.8514876,7.6691356
Negative elongation factor complex members,4.622645,11.84428
Netrins,5.937519,8.14978
Network forming collagens,8.925134,7.736108
Neuraminidases,6.4760904,6.913834
Neuregulins,5.596611,7.566968
Neurexins,4.204668,7.545838
Neurexophilin and PC-esterase domain containing,6.747217,8.404228
Neurexophilins,4.909881,7.3990006
Neuroligins,4.2779303,7.462371
Neuromedin U receptors,5.743875,7.182258
Neuropeptide FF receptors,7.209159,8.923776
Neuropeptide S receptor,7.4534388,5.3631554
Neuropeptide Y receptors,5.2727084,6.805251
Neuropeptides,5.336495,5.744032
Neuropeptides B and W receptors,7.4267516,5.300667
Neurotensin receptors,4.3683124,6.845713
Neurotrophins,7.557882,7.1220174
NineTeen complex,5.475581,12.10198
NoRC complex,4.9986534,12.530836
Non-canonical high mobility group,5.434057,11.93164
Non-canonical poly(A) polymerases,4.9341426,12.462534
Non-clustered protocadherins,4.707956,7.4367127
Non-histone lysine methyltransferases,5.038444,10.038656
Notch receptors,8.927609,7.7980595
NuRD complex subunits,4.699968,11.665321
Nuclear RNase P complex subunits,6.0454645,11.422686
Nuclear exosome targeting complex,5.485943,12.583945
Nuclear factor I family,7.576632,6.9830117
Nuclear receptor subfamily 0 group B,5.5901074,5.74846
Nuclear receptor subfamily 1 group D,5.957374,7.172393
Nuclear receptor subfamily 1 group H,8.063348,9.623601
Nuclear receptor subfamily 1 group I,6.777251,5.95158
Nuclear receptor subfamily 2 group C,4.630652,11.534591
Nuclear receptor subfamily 2 group E,4.230696,7.150401
Nuclear receptor subfamily 2 group F,8.228414,7.3497577
Nuclear receptor subfamily 3 group C,7.557858,6.819154
Nuclear receptor subfamily 4 group A,8.157427,9.062055
Nuclear receptor subfamily 5 group A,5.746021,6.1256237
Nuclear receptor subfamily 6 group A,3.8365786,8.919164
Nucleoporins,5.0189385,12.67728
Nucleoredoxin family,7.24747,6.7509246
Nucleosome assembly protein 1 like family,5.3000274,9.050898
Nucleosome assembly protein superfamily,5.945707,12.366749
Nucleotide excision repair,5.2011933,11.68507
NudC family,4.772318,9.991229
Nudix hydrolase family,6.1196747,7.136544
O-linked N-acetylglucosaminyltransferases,8.678901,7.473776
OOSP family,4.3058796,8.630879
ORAI calcium release-activated calcium modulators,8.714085,9.661807
OTU domain containing,5.1223598,11.869375
Olfactomedin domain containing ,7.885539,7.381448
"Olfactory receptors, family 1",5.042118,5.0782485
"Olfactory receptors, family 10",5.15829,4.8873577
"Olfactory receptors, family 11",5.209858,4.8295865
"Olfactory receptors, family 12",5.1360517,4.9037633
"Olfactory receptors, family 13",5.113413,4.968874
"Olfactory receptors, family 14",4.9208145,5.1134434
"Olfactory receptors, family 2",5.1924467,5.134835
"Olfactory receptors, family 3",5.8366632,5.3226423
"Olfactory receptors, family 4",5.1049666,4.882201
"Olfactory receptors, family 5",5.1105375,4.8598676
"Olfactory receptors, family 51",5.3359,5.445802
"Olfactory receptors, family 52",5.051033,5.007188
"Olfactory receptors, family 56",4.999857,5.262122
"Olfactory receptors, family 6",5.102988,4.9056177
"Olfactory receptors, family 7",5.027082,4.985957
"Olfactory receptors, family 8",5.143641,4.7871633
"Olfactory receptors, family 9",5.1906447,4.7768455
Oligosaccharyltransferase complex subunits,8.7097645,9.299209
Opioid receptors,4.6250134,6.7670455
Opsin receptors,4.6957903,6.657672
Origin recognition complex,4.909415,11.404276
Outer dynein arm docking complex subunits,8.187649,14.994524
Overlapping transcripts,5.954553,7.521091
Oxoglutarate dehydrogenase complex,6.911179,4.281842
Oxoglutarate dehydrogenase family,7.3445244,5.516631
Oxoglutarate receptor,7.5517397,7.902394
Oxysterol binding proteins,7.020613,9.007933
P-TEFb complex subunits,4.845648,12.266012
P2Y receptors,7.762515,10.059108
PAGE family,4.068445,8.598939
PAR bZIP family,5.9175572,7.1726084
PARN exonuclease family,4.56401,11.45
PAS domain containing,5.819819,8.25817
PASK family kinases,4.946899,12.828308
PBAF complex subunits,5.3153095,12.041308
PDZ domain containing,6.804496,7.990497
PEAK pseudokinase family,8.696886,10.871603
PHD finger proteins,4.919545,11.985988
PI4KA lipid kinase complex,5.982418,9.965479
PIK3C3 complex subunits,5.523971,12.599074
PIM kinase family,8.33387,10.781569
PIN-like domain superfamily,5.483778,11.485155
PLAC8 family,4.4246173,5.8814235
POTE ankyrin domain containing,3.9893324,8.5811205
POU class homeoboxes and pseudogenes,5.369801,6.6694694
PPFI scaffold protein family,5.294829,8.142599
PR/SET domain family,5.8178554,9.646224
PRAME family,5.105239,5.0769877
PRD class homeoboxes and pseudogenes,5.135531,5.5517054
PRELI domain containing,7.0873013,9.339684
PROS class homeoboxes,5.2174754,6.5823154
PTEN protein phosphatases,4.3267083,9.468825
PTF1 complex,5.3800197,5.21369
PTK6 family tyrosine kinases,5.975907,6.380947
PWWP domain containing,4.7034526,11.156468
PX-BAR domain containing,8.49732,9.3264675
Paf1/RNA polymerase II complex ,5.3032775,11.405468
Paired boxes,5.300147,5.738319
Pannexins,5.0295672,7.0564213
Pantothenate kinase family,6.1105638,7.4784217
Pappalysins,8.398394,6.8321056
Paralemmins,7.7221594,7.0377016
Paraneoplastic Ma antigens,4.241077,7.7111607
Paraoxonases,7.300095,5.490159
Parathyroid hormone receptors,6.2721357,6.8010755
Parvins,8.049686,9.780444
Parvulins,5.668616,7.1624126
Patatin like phospholipase domain containing,5.62148,6.7850103
PeBoW complex,5.1268983,11.567015
Pecanex family,4.883608,11.598066
Pellino E3 ubiquitin protein ligases,6.449958,9.012845
Pentatricopeptide repeat containing,6.031603,11.12668
Pepsinogens,5.9242587,6.30906
Peptidase family A1,7.389347,8.326523
Peptidase family A22,7.064635,8.2414255
Peptidase family A28 ,5.041123,9.207225
Peptidase family C1,7.6476345,8.081629
Peptide receptors,4.6159387,5.470438
Peptidoglycan recognition proteins,4.3455653,5.338299
Peptidyl arginine deiminases,7.3361087,9.777589
Perilipins,7.078423,6.099054
Peroxins,6.128084,7.263791
Peroxiredoxins,6.8316736,5.674149
Peroxisome proliferator activated receptors,7.28642,7.948238
Phosphatase and actin regulators,6.3224916,9.90201
Phosphatidylinositol 3-kinase family,7.4740458,10.745275
Phosphatidylinositol glycan anchor biosynthesis,6.4343066,10.741683
